Eliminated Week,League,Team,Owner,Score,Cumulative Score at Elimination
3,LTS Bowl L1,MikeDavisThrupple,DavisDayCare,0,254.75
3,The Only Legitimate LTS Bowl League - L3,39ers,tripp39,0,235.64999999999998
3,LTS Bowl L4,Ram it!,IreneTurner,0,247.79999999999998
2,LTS Bowl L2,Duluth Eskimos,GREGGELS17,108.3,224.55
2,LTS Bowl L2,Edina Cake Eaters,ecsirkin,99.5,239.8
2,The Only Legitimate LTS Bowl League - L3,SycamoreFlynns,SycamoreFlynns,70.2,207.55
1,The Only Legitimate LTS Bowl League - L3,TurdFergusonFF,TurdFergusonFF,113.4,113.4
1,The Only Legitimate LTS Bowl League - L3,Purple Monkey Dishwasher ,alexewart,108.6,108.6
1,LTS Bowl L2,Kendradhl,Kendradhl,103.05,103.05
