Survival Week,League,Team,Owner,Score,Cumulative Score
16,LTS Bowl L4,Damn Fine Coffee,JoshWest,128.5,2493.35
16,LTS Bowl L4,Sweep the Leg,ctjoumas,128.3,2416.65
15,LTS Bowl L4,Damn Fine Coffee,JoshWest,167.75,2364.85
15,LTS Bowl L1,Vandelay Industries,DGo81,157.65,2246
15,LTS Bowl L4,Sweep the Leg,ctjoumas,144.7,2288.35
14,LTS Bowl L4,Damn Fine Coffee,JoshWest,187.75,2189.1
14,LTS Bowl L4,Sweep the Leg,ctjoumas,157.7,2143.65
14,LTS Bowl L2,The Huge Mistaeks,RipSlabcheek,157.5,2244.75
14,LTS Bowl L1,Vandelay Industries,DGo81,133.9,2088.35
14,LTS Bowl L4,Trailing Daler,teamdaler,127.1,2160.95
14,LTS Bowl L2,Horsey Sauce,FeelingDangerouz,123.85,2209.3
13,LTS Bowl L2,kipahisbush,kipahisbush,174.9,1946.75
13,LTS Bowl L1,Vandelay Industries,DGo81,156.05,1954.45
13,LTS Bowl L2,Horsey Sauce,FeelingDangerouz,152,2085.45
13,LTS Bowl L4,Sweep the Leg,ctjoumas,145.6,1985.95
13,LTS Bowl L4,Damn Fine Coffee,JoshWest,136.45,2001.35
13,The Only Legitimate LTS Bowl League - L3,Rice Suspened for 6 Games,DrWraith84,133.6,2007.5
13,The Only Legitimate LTS Bowl League - L3,Greenhorns,D3M090,132.15,2011.35
13,LTS Bowl L2,The Huge Mistaeks,RipSlabcheek,129.3,2087.25
13,LTS Bowl L4,Trailing Daler,teamdaler,126.9,2033.85
12,The Only Legitimate LTS Bowl League - L3,Rice Suspened for 6 Games,DrWraith84,203.5,1873.9
12,LTS Bowl L4,Sweep the Leg,ctjoumas,194.9,1840.35
12,LTS Bowl L1,High Tea,OhShagHennessy,192.15,2006.9
12,LTS Bowl L2,Sexy Skeletons,aspires,178.15,2057.85
12,LTS Bowl L2,Horsey Sauce,FeelingDangerouz,165.45,1933.45
12,LTS Bowl L1,Vandelay Industries,DGo81,158.85,1798.4
12,LTS Bowl L1,Mouth Kazoo Maestros,Weagle85,139.75,2005.35
12,LTS Bowl L2,The Huge Mistaeks,RipSlabcheek,137.25,1957.95
12,LTS Bowl L4,Damn Fine Coffee,JoshWest,128.4,1864.8999999999999
12,LTS Bowl L2,kipahisbush,kipahisbush,125.05,1771.85
12,LTS Bowl L4,Trailing Daler,teamdaler,124.75,1906.95
12,The Only Legitimate LTS Bowl League - L3,Greenhorns,D3M090,122.25,1879.2
11,LTS Bowl L4,Damn Fine Coffee,JoshWest,182.95,1736.5
11,LTS Bowl L2,Sexy Skeletons,aspires,181.5,1879.7
11,LTS Bowl L4,Trailing Daler,teamdaler,181.4,1782.2
11,LTS Bowl L1,Klabbertrap,Klabbertrap,172.45,1793.6
11,LTS Bowl L2,Horsey Sauce,FeelingDangerouz,164.65,1768
11,LTS Bowl L1,High Tea,OhShagHennessy,161.9,1814.75
11,LTS Bowl L4,Sweep the Leg,ctjoumas,161.9,1645.45
11,The Only Legitimate LTS Bowl League - L3,Rice Suspened for 6 Games,DrWraith84,160.75,1670.4
11,LTS Bowl L2,kipahisbush,kipahisbush,158.1,1646.8
11,LTS Bowl L2,The Huge Mistaeks,RipSlabcheek,150.6,1820.7
11,The Only Legitimate LTS Bowl League - L3,Greenhorns,D3M090,144.65,1756.95
11,LTS Bowl L1,Mouth Kazoo Maestros,Weagle85,140.05,1865.6
11,LTS Bowl L1,Golf Cartin',stephensear,138.85,1669.95
11,LTS Bowl L1,Vandelay Industries,DGo81,137.65,1639.55
11,The Only Legitimate LTS Bowl League - L3,Speaks Kindly Holds Knife,Deredactyl,128.25,1804.95
10,LTS Bowl L2,Sexy Skeletons,aspires,214.2,1698.2
10,LTS Bowl L1,High Tea,OhShagHennessy,196.9,1652.85
10,The Only Legitimate LTS Bowl League - L3,Rice Suspened for 6 Games,DrWraith84,191,1509.65
10,LTS Bowl L1,Vandelay Industries,DGo81,182.8,1501.9
10,LTS Bowl L1,Bad Faith Fantasy,cptbeefalo,174,1508.45
10,LTS Bowl L4,Damn Fine Coffee,JoshWest,173.7,1553.55
10,LTS Bowl L1,Mouth Kazoo Maestros,Weagle85,163.1,1725.55
10,LTS Bowl L1,Klabbertrap,Klabbertrap,163,1621.15
10,LTS Bowl L2,The Huge Mistaeks,RipSlabcheek,161.7,1670.1
10,LTS Bowl L2,kipahisbush,kipahisbush,153.6,1488.7
10,The Only Legitimate LTS Bowl League - L3,Greenhorns,D3M090,151.15,1612.3
10,LTS Bowl L2,Horsey Sauce,FeelingDangerouz,151.1,1603.35
10,The Only Legitimate LTS Bowl League - L3,Closet Poopers,coots1185,150.8,1652.8
10,The Only Legitimate LTS Bowl League - L3,Speaks Kindly Holds Knife,Deredactyl,149.7,1676.7
10,LTS Bowl L4,Sweep the Leg,ctjoumas,148.75,1483.55
10,LTS Bowl L4,Trailing Daler,teamdaler,145.8,1600.8
10,LTS Bowl L4,Cooking with my Bo,crackofdawn321,143.3,1608.65
10,LTS Bowl L1,Golf Cartin',stephensear,139.25,1531.1
9,LTS Bowl L1,High Tea,OhShagHennessy,196.25,1455.95
9,LTS Bowl L4,Cooking with my Bo,crackofdawn321,193.1,1465.35
9,LTS Bowl L2,Sexy Skeletons,aspires,192.9,1484
9,The Only Legitimate LTS Bowl League - L3,Closet Poopers,coots1185,191.9,1502
9,LTS Bowl L1,Mouth Kazoo Maestros,Weagle85,178.1,1562.45
9,LTS Bowl L1,DeadEndFriends,DeadEndFriends,177.55,1302
9,LTS Bowl L1,Golf Cartin',stephensear,177.2,1391.85
9,LTS Bowl L1,Klabbertrap,Klabbertrap,173.35,1458.15
9,The Only Legitimate LTS Bowl League - L3,Rice Suspened for 6 Games,DrWraith84,172.6,1318.65
9,LTS Bowl L2,The Huge Mistaeks,RipSlabcheek,169.9,1508.4
9,LTS Bowl L4,Ram it!,IreneTurner,167.2,1250.5
9,LTS Bowl L4,Damn Fine Coffee,JoshWest,165.65,1379.85
9,The Only Legitimate LTS Bowl League - L3,Greenhorns,D3M090,150.2,1461.15
9,LTS Bowl L2,Randomizer Interns,matthewdwood82,149.4,1384.6
9,LTS Bowl L2,Horsey Sauce,FeelingDangerouz,145.7,1452.25
9,LTS Bowl L4,Sweep the Leg,ctjoumas,143.7,1334.8
9,The Only Legitimate LTS Bowl League - L3,Speaks Kindly Holds Knife,Deredactyl,143.25,1527
9,LTS Bowl L2,kipahisbush,kipahisbush,142.45,1335.1
9,LTS Bowl L1,Bad Faith Fantasy,cptbeefalo,139.1,1334.45
9,LTS Bowl L4,Trailing Daler,teamdaler,123.15,1455
9,LTS Bowl L1,Vandelay Industries,DGo81,122,1319.1
8,LTS Bowl L1,Bad Faith Fantasy,cptbeefalo,192.85,1195.35
8,The Only Legitimate LTS Bowl League - L3,Greenhorns,D3M090,185.9,1310.95
8,LTS Bowl L2,Randomizer Interns,matthewdwood82,176.35,1235.2
8,LTS Bowl L4,Trailing Daler,teamdaler,172.65,1331.85
8,LTS Bowl L4,Cooking with my Bo,crackofdawn321,172.35,1272.25
8,LTS Bowl L1,Klabbertrap,Klabbertrap,172.2,1284.8
8,LTS Bowl L1,Mouth Kazoo Maestros,Weagle85,164.45,1384.35
8,The Only Legitimate LTS Bowl League - L3,WilhelmTilt,ringular,164.05,1277.5
8,LTS Bowl L2,Fozberry64,Fozberry64,161.35,1334.55
8,LTS Bowl L1,DeadEndFriends,DeadEndFriends,157.95,1124.45
8,LTS Bowl L2,The Huge Mistaeks,RipSlabcheek,155.7,1338.5
8,LTS Bowl L4,Damn Fine Coffee,JoshWest,151.35,1214.2
8,The Only Legitimate LTS Bowl League - L3,Speaks Kindly Holds Knife,Deredactyl,149.75,1383.75
8,LTS Bowl L4,NinerJay,NinerJay,148.1,1261.45
8,LTS Bowl L1,Golf Cartin',stephensear,144.7,1214.65
8,LTS Bowl L1,Vandelay Industries,DGo81,144.45,1197.1
8,The Only Legitimate LTS Bowl League - L3,Rice Suspened for 6 Games,DrWraith84,141.4,1146.05
8,LTS Bowl L1,High Tea,OhShagHennessy,140.85,1259.7
8,LTS Bowl L4,Sweep the Leg,ctjoumas,137.5,1191.1
8,LTS Bowl L2,Sexy Skeletons,aspires,136.85,1291.1
8,LTS Bowl L2,kipahisbush,kipahisbush,132.7,1192.65
8,LTS Bowl L4,Ram it!,IreneTurner,125.55,1083.3
8,The Only Legitimate LTS Bowl League - L3,Closet Poopers,coots1185,123.85,1310.1
8,LTS Bowl L2,Horsey Sauce,FeelingDangerouz,120,1306.55
7,The Only Legitimate LTS Bowl League - L3,Speaks Kindly Holds Knife,Deredactyl,219.35,1234
7,LTS Bowl L1,Mouth Kazoo Maestros,Weagle85,195.8,1219.9
7,LTS Bowl L2,The Huge Mistaeks,RipSlabcheek,195.2,1182.8
7,LTS Bowl L2,Fozberry64,Fozberry64,188.5,1173.2
7,LTS Bowl L2,Horsey Sauce,FeelingDangerouz,177.75,1186.55
7,LTS Bowl L1,Vandelay Industries,DGo81,172.6,1052.65
7,LTS Bowl L1,High Tea,OhShagHennessy,168.55,1118.85
7,LTS Bowl L4,Trailing Daler,teamdaler,166.95,1159.2
7,The Only Legitimate LTS Bowl League - L3,WilhelmTilt,ringular,166.7,1113.45
7,LTS Bowl L4,Damn Fine Coffee,JoshWest,164.1,1062.85
7,LTS Bowl L4,Sweep the Leg,ctjoumas,161.2,1053.6
7,LTS Bowl L1,Golf Cartin',stephensear,159.3,1069.95
7,LTS Bowl L2,kipahisbush,kipahisbush,158.95,1059.95
7,LTS Bowl L4,Cooking with my Bo,crackofdawn321,158.2,1099.9
7,The Only Legitimate LTS Bowl League - L3,Rice Suspened for 6 Games,DrWraith84,157.5,1004.65
7,LTS Bowl L2,Randomizer Interns,matthewdwood82,156.5,1058.85
7,LTS Bowl L4,NinerJay,NinerJay,156.15,1113.35
7,LTS Bowl L1,Diarrhea Happens,bartonscott84,151.2,1051.1
7,LTS Bowl L4,The Lib Owners,nak97,147.7,1010.4
7,LTS Bowl L1,Klabbertrap,Klabbertrap,144.6,1112.6
7,LTS Bowl L1,MikeDavisThrupple,DavisDayCare,141.6,997.8499999999999
7,LTS Bowl L2,Sexy Skeletons,aspires,138.3,1154.25
7,The Only Legitimate LTS Bowl League - L3,Greenhorns,D3M090,136.6,1125.05
7,LTS Bowl L1,Bad Faith Fantasy,cptbeefalo,134.5,1002.5
7,The Only Legitimate LTS Bowl League - L3,Closet Poopers,coots1185,132.8,1186.25
7,LTS Bowl L4,Ram it!,IreneTurner,121.4,957.75
7,LTS Bowl L1,DeadEndFriends,DeadEndFriends,120.9,966.5
6,LTS Bowl L1,Klabbertrap,Klabbertrap,196.55,968
6,LTS Bowl L2,Sexy Skeletons,aspires,189.2,1015.95
6,LTS Bowl L1,Mouth Kazoo Maestros,Weagle85,182.1,1024.1
6,LTS Bowl L4,The Lib Owners,nak97,178.8,862.7
6,The Only Legitimate LTS Bowl League - L3,Speaks Kindly Holds Knife,Deredactyl,175.7,1014.65
6,LTS Bowl L4,Trailing Daler,teamdaler,172.55,992.25
6,The Only Legitimate LTS Bowl League - L3,Closet Poopers,coots1185,171.6,1053.45
6,LTS Bowl L1,MikeDavisThrupple,DavisDayCare,166.6,856.25
6,The Only Legitimate LTS Bowl League - L3,WilhelmTilt,ringular,165.3,946.75
6,LTS Bowl L1,Golf Cartin',stephensear,162,910.65
6,The Only Legitimate LTS Bowl League - L3,Greenhorns,D3M090,161.3,988.45
6,LTS Bowl L4,Damn Fine Coffee,JoshWest,159.9,898.75
6,The Only Legitimate LTS Bowl League - L3,jetsgnome22,jetsgnome22,155.45,954.15
6,LTS Bowl L2,Horsey Sauce,FeelingDangerouz,154.75,1008.8
6,LTS Bowl L2,The Huge Mistaeks,RipSlabcheek,153.45,987.6
6,The Only Legitimate LTS Bowl League - L3,Rice Suspened for 6 Games,DrWraith84,153.45,847.15
6,LTS Bowl L4,"Once again, I'm tilting ",arthurdantas,152.65,971.1
6,LTS Bowl L2,Fozberry64,Fozberry64,152.35,984.6999999999999
6,LTS Bowl L1,DeadEndFriends,DeadEndFriends,148.25,845.6
6,LTS Bowl L4,Sweep the Leg,ctjoumas,146.9,892.4
6,LTS Bowl L1,High Tea,OhShagHennessy,144.45,950.3
6,LTS Bowl L4,NinerJay,NinerJay,140.45,957.1999999999999
6,LTS Bowl L2,kipahisbush,kipahisbush,136.15,901
6,LTS Bowl L1,Bad Faith Fantasy,cptbeefalo,136.05,868
6,LTS Bowl L2,Randomizer Interns,matthewdwood82,135.85,902.35
6,LTS Bowl L1,Vandelay Industries,DGo81,131.9,880.05
6,LTS Bowl L4,Cooking with my Bo,crackofdawn321,127.1,941.7
6,LTS Bowl L2,SOTBD,SOTBD,117.65,881.95
6,LTS Bowl L1,Diarrhea Happens,bartonscott84,117.4,899.9
6,LTS Bowl L4,Ram it!,IreneTurner,117.15,836.35
5,LTS Bowl L2,The Huge Mistaeks,RipSlabcheek,201.05,834.1500000000001
5,The Only Legitimate LTS Bowl League - L3,Closet Poopers,coots1185,189.9,881.85
5,LTS Bowl L4,NinerJay,NinerJay,188.2,816.75
5,LTS Bowl L2,Fozberry64,Fozberry64,188.1,832.3499999999999
5,LTS Bowl L2,Sexy Skeletons,aspires,187.5,826.75
5,LTS Bowl L1,Bad Faith Fantasy,cptbeefalo,183.05,731.95
5,The Only Legitimate LTS Bowl League - L3,jetsgnome22,jetsgnome22,179.9,798.7
5,LTS Bowl L1,Klabbertrap,Klabbertrap,178.65,771.45
5,LTS Bowl L4,Ram it!,IreneTurner,177.35,719.2
5,LTS Bowl L4,Trailing Daler,teamdaler,177.2,819.7
5,LTS Bowl L4,Sweep the Leg,ctjoumas,172.1,745.5
5,The Only Legitimate LTS Bowl League - L3,67ers,tripp39,171.9,695.85
5,LTS Bowl L4,Searching for Stapler,Spencer,171.8,724.85
5,LTS Bowl L2,Randomizer Interns,matthewdwood82,167.15,766.5
5,LTS Bowl L4,"Once again, I'm tilting ",arthurdantas,166.8,818.45
5,LTS Bowl L2,kipahisbush,kipahisbush,163.05,764.85
5,LTS Bowl L1,Vandelay Industries,DGo81,160.6,748.15
5,The Only Legitimate LTS Bowl League - L3,Speaks Kindly Holds Knife,Deredactyl,160.15,838.95
5,LTS Bowl L1,Diarrhea Happens,bartonscott84,160,782.5
5,LTS Bowl L1,Golf Cartin',stephensear,159.15,748.65
5,LTS Bowl L1,DeadEndFriends,DeadEndFriends,156.8,697.35
5,LTS Bowl L1,Mouth Kazoo Maestros,Weagle85,155.5,842
5,LTS Bowl L1,Week 3 Meat Mountain,PossumKingdom,153.25,732.6
5,The Only Legitimate LTS Bowl League - L3,WilhelmTilt,ringular,150.5,781.45
5,LTS Bowl L2,Horsey Sauce,FeelingDangerouz,150.4,854.05
5,LTS Bowl L4,Cooking with my Bo,crackofdawn321,148,814.6
5,LTS Bowl L1,High Tea,OhShagHennessy,146.1,805.85
5,LTS Bowl L4,The Lib Owners,nak97,145.2,683.9
5,LTS Bowl L2,SOTBD,SOTBD,144.65,764.3
5,The Only Legitimate LTS Bowl League - L3,Greenhorns,D3M090,144.35,827.15
5,LTS Bowl L4,Damn Fine Coffee,JoshWest,140.95,738.85
5,The Only Legitimate LTS Bowl League - L3,Rice Suspened for 6 Games,DrWraith84,137.35,693.7
5,LTS Bowl L1,MikeDavisThrupple,DavisDayCare,133.6,689.65
4,LTS Bowl L4,Trailing Daler,teamdaler,195.85,642.5
4,LTS Bowl L2,SOTBD,SOTBD,190.5,619.65
4,LTS Bowl L2,Horsey Sauce,FeelingDangerouz,184.2,703.65
4,LTS Bowl L2,Fozberry64,Fozberry64,182.7,644.25
4,LTS Bowl L1,High Tea,OhShagHennessy,182.55,659.75
4,LTS Bowl L4,"Once again, I'm tilting ",arthurdantas,176.8,651.65
4,LTS Bowl L1,Klabbertrap,Klabbertrap,176.55,592.8
4,The Only Legitimate LTS Bowl League - L3,Closet Poopers,coots1185,176.5,691.95
4,LTS Bowl L1,Mouth Kazoo Maestros,Weagle85,176.15,686.5
4,The Only Legitimate LTS Bowl League - L3,Speaks Kindly Holds Knife,Deredactyl,174.45,678.8
4,LTS Bowl L2,Sexy Skeletons,aspires,173.4,639.25
4,LTS Bowl L1,Vandelay Industries,DGo81,170.1,587.55
4,LTS Bowl L2,kipahisbush,kipahisbush,166.95,601.8
4,LTS Bowl L4,Ram it!,IreneTurner,164.55,541.85
4,The Only Legitimate LTS Bowl League - L3,jetsgnome22,jetsgnome22,164.4,618.8
4,LTS Bowl L4,Damn Fine Coffee,JoshWest,160.05,597.9
4,LTS Bowl L4,Cooking with my Bo,crackofdawn321,159.6,666.6
4,LTS Bowl L4,NinerJay,NinerJay,156.65,628.55
4,LTS Bowl L4,outshine13,outshine13,155.65,634.85
4,The Only Legitimate LTS Bowl League - L3,Greenhorns,D3M090,154.45,682.8
4,LTS Bowl L1,MikeDavisThrupple,DavisDayCare,148.7,556.05
4,LTS Bowl L1,DeadEndFriends,DeadEndFriends,147.7,540.55
4,LTS Bowl L2,Natanab,Natanab,147.15,634.55
4,The Only Legitimate LTS Bowl League - L3,WilhelmTilt,ringular,145.65,630.95
4,LTS Bowl L2,Randomizer Interns,matthewdwood82,145.6,599.35
4,LTS Bowl L4,Chickpea Smoothie,apulianas,137.7,548.8
4,LTS Bowl L2,The Huge Mistaeks,RipSlabcheek,135.55,633.1
4,LTS Bowl L4,Sweep the Leg,ctjoumas,135.55,573.4
4,LTS Bowl L1,Golf Cartin',stephensear,135.35,589.5
4,LTS Bowl L1,Diarrhea Happens,bartonscott84,135.15,622.5
4,LTS Bowl L1,Week 3 Meat Mountain,PossumKingdom,133.75,579.35
4,LTS Bowl L4,The Lib Owners,nak97,131.05,538.7
4,LTS Bowl L1,Bad Faith Fantasy,cptbeefalo,130.95,548.9
4,LTS Bowl L4,Searching for Stapler,Spencer,128.6,553.05
4,The Only Legitimate LTS Bowl League - L3,67ers,tripp39,126,523.95
4,The Only Legitimate LTS Bowl League - L3,Rice Suspened for 6 Games,DrWraith84,114.75,556.35
3,The Only Legitimate LTS Bowl League - L3,Speaks Kindly Holds Knife,Deredactyl,188.15,504.35
3,LTS Bowl L4,Cooking with my Bo,crackofdawn321,183.3,507
3,LTS Bowl L1,Mouth Kazoo Maestros,Weagle85,177.3,510.35
3,The Only Legitimate LTS Bowl League - L3,jetsgnome22,jetsgnome22,175.35,454.4
3,LTS Bowl L1,Diarrhea Happens,bartonscott84,174.85,487.35
3,The Only Legitimate LTS Bowl League - L3,Closet Poopers,coots1185,172.9,515.45
3,LTS Bowl L2,Sexy Skeletons,aspires,171,465.85
3,The Only Legitimate LTS Bowl League - L3,67ers,tripp39,162.3,397.95
3,LTS Bowl L2,Randomizer Interns,matthewdwood82,158,453.75
3,LTS Bowl L4,"Once again, I'm tilting ",arthurdantas,153.2,474.85
3,LTS Bowl L1,Vandelay Industries,DGo81,152.85,417.45
3,LTS Bowl L2,Natanab,Natanab,152.7,487.4
3,LTS Bowl L1,MikeDavisThrupple,DavisDayCare,152.6,407.34999999999997
3,LTS Bowl L1,Golf Cartin',stephensear,152.15,454.15
3,LTS Bowl L2,fantasyscott,fantasyscott,151.4,425.4
3,LTS Bowl L4,The Glorious Process,armandoguzman,151.4,410.75
3,LTS Bowl L2,kipahisbush,kipahisbush,150.75,434.85
3,LTS Bowl L1,Week 3 Meat Mountain,PossumKingdom,150.3,445.6
3,LTS Bowl L4,NinerJay,NinerJay,147.95,471.9
3,LTS Bowl L1,High Tea,OhShagHennessy,147.45,477.2
3,LTS Bowl L1,Not Great Bob,tommcg17,146.9,425.95000000000005
3,The Only Legitimate LTS Bowl League - L3,WilhelmTilt,ringular,146.5,485.3
3,LTS Bowl L2,The Huge Mistaeks,RipSlabcheek,146.25,497.55
3,The Only Legitimate LTS Bowl League - L3,Greenhorns,D3M090,145.85,528.35
3,LTS Bowl L4,Sweep the Leg,ctjoumas,144.35,437.85
3,The Only Legitimate LTS Bowl League - L3,Rice Suspened for 6 Games,DrWraith84,142.5,441.6
3,LTS Bowl L4,outshine13,outshine13,142.3,479.20000000000005
3,LTS Bowl L4,Trailing Daler,teamdaler,141.9,446.65
3,LTS Bowl L2,Horsey Sauce,FeelingDangerouz,140,519.45
3,LTS Bowl L4,The Lib Owners,nak97,138.2,407.65
3,LTS Bowl L4,Damn Fine Coffee,JoshWest,137.85,437.84999999999997
3,LTS Bowl L2,Fozberry64,Fozberry64,134.7,461.54999999999995
3,LTS Bowl L4,Chickpea Smoothie,apulianas,132.9,411.1
3,LTS Bowl L1,DeadEndFriends,DeadEndFriends,131.5,392.85
3,LTS Bowl L2,SOTBD,SOTBD,131.1,429.15
3,LTS Bowl L4,Searching for Stapler,Spencer,131.1,424.45
3,LTS Bowl L4,Ram it!,IreneTurner,129.5,377.29999999999995
3,LTS Bowl L1,Bad Faith Fantasy,cptbeefalo,126.5,417.95000000000005
3,LTS Bowl L1,Klabbertrap,Klabbertrap,123.6,416.25
2,LTS Bowl L2,Horsey Sauce,FeelingDangerouz,222.3,379.45000000000005
2,The Only Legitimate LTS Bowl League - L3,Greenhorns,D3M090,202.05,382.5
2,LTS Bowl L1,Mouth Kazoo Maestros,Weagle85,191.9,333.05
2,LTS Bowl L2,The Huge Mistaeks,RipSlabcheek,185.25,351.3
2,The Only Legitimate LTS Bowl League - L3,Closet Poopers,coots1185,183.95,342.54999999999995
2,LTS Bowl L4,NinerJay,NinerJay,183.6,323.95
2,The Only Legitimate LTS Bowl League - L3,The Woke FAAB,reginaldo,181.7,314.6
2,LTS Bowl L1,Golf Cartin',stephensear,172.95,302
2,LTS Bowl L4,Trailing Daler,teamdaler,172.45,304.75
2,The Only Legitimate LTS Bowl League - L3,johnnysmomskid,johnnysmomskid,172.2,321.65
2,LTS Bowl L4,Cooking with my Bo,crackofdawn321,171.4,323.70000000000005
2,The Only Legitimate LTS Bowl League - L3,Speaks Kindly Holds Knife,Deredactyl,168.1,316.2
2,LTS Bowl L4,Sweep the Leg,ctjoumas,167.65,293.5
2,LTS Bowl L4,"Once again, I'm tilting ",arthurdantas,165.85,321.65
2,The Only Legitimate LTS Bowl League - L3,WilhelmTilt,ringular,164.9,338.8
2,LTS Bowl L2,Fozberry64,Fozberry64,163.75,326.85
2,LTS Bowl L4,outshine13,outshine13,162.8,336.9
2,LTS Bowl L2,Natanab,Natanab,158.2,334.7
2,LTS Bowl L1,Diarrhea Happens,bartonscott84,156,312.5
2,LTS Bowl L1,Klabbertrap,Klabbertrap,155.3,292.65
2,LTS Bowl L2,fantasyscott,fantasyscott,153.35,274
2,LTS Bowl L1,Week 3 Meat Mountain,PossumKingdom,150.95,295.29999999999995
2,LTS Bowl L1,Vandelay Industries,DGo81,150.1,264.6
2,LTS Bowl L4,The Lib Owners,nak97,147.7,269.45
2,LTS Bowl L2,Randomizer Interns,matthewdwood82,147.45,295.75
2,LTS Bowl L2,kipahisbush,kipahisbush,145.8,284.1
2,LTS Bowl L1,Not Great Bob,tommcg17,144.8,279.05
2,LTS Bowl L1,Bad Faith Fantasy,cptbeefalo,144.05,291.45000000000005
2,LTS Bowl L4,Chickpea Smoothie,apulianas,143.8,278.20000000000005
2,LTS Bowl L1,High Tea,OhShagHennessy,140.6,329.75
2,The Only Legitimate LTS Bowl League - L3,jetsgnome22,jetsgnome22,140.1,279.04999999999995
2,LTS Bowl L4,The Glorious Process,armandoguzman,139.3,259.35
2,LTS Bowl L2,Sexy Skeletons,aspires,138.2,294.85
2,LTS Bowl L2,SOTBD,SOTBD,136.35,298.04999999999995
2,LTS Bowl L4,Searching for Stapler,Spencer,124.65,293.35
2,LTS Bowl L4,Damn Fine Coffee,JoshWest,124.3,300
2,The Only Legitimate LTS Bowl League - L3,Rice Suspened for 6 Games,DrWraith84,122.95,299.1
2,LTS Bowl L4,Ram it!,IreneTurner,118.85,247.79999999999998
2,LTS Bowl L1,DeadEndFriends,DeadEndFriends,118.65,261.35
2,LTS Bowl L1,THE KIDS,CommieEsq,117.45,258.65
2,The Only Legitimate LTS Bowl League - L3,67ers,tripp39,113.05,235.64999999999998
2,LTS Bowl L1,MikeDavisThrupple,DavisDayCare,111.8,254.75
1,LTS Bowl L1,High Tea,OhShagHennessy,189.15,189.15
1,The Only Legitimate LTS Bowl League - L3,Greenhorns,D3M090,180.45,180.45
1,LTS Bowl L2,Natanab,Natanab,176.5,176.5
1,The Only Legitimate LTS Bowl League - L3,Rice Suspened for 6 Games,DrWraith84,176.15,176.15
1,LTS Bowl L4,Damn Fine Coffee,JoshWest,175.7,175.7
1,LTS Bowl L4,outshine13,outshine13,174.1,174.1
1,The Only Legitimate LTS Bowl League - L3,WilhelmTilt,ringular,173.9,173.9
1,LTS Bowl L4,Searching for Stapler,Spencer,168.7,168.7
1,LTS Bowl L2,The Huge Mistaeks,RipSlabcheek,166.05,166.05
1,LTS Bowl L2,Fozberry64,Fozberry64,163.1,163.1
1,LTS Bowl L2,SOTBD,SOTBD,161.7,161.7
1,The Only Legitimate LTS Bowl League - L3,Closet Poopers,coots1185,158.6,158.6
1,LTS Bowl L2,Horsey Sauce,FeelingDangerouz,157.15,157.15
1,LTS Bowl L2,Sexy Skeletons,aspires,156.65,156.65
1,LTS Bowl L1,Diarrhea Happens,bartonscott84,156.5,156.5
1,LTS Bowl L4,"Once again, I'm tilting ",arthurdantas,155.8,155.8
1,LTS Bowl L4,Cooking with my Bo,crackofdawn321,152.3,152.3
1,The Only Legitimate LTS Bowl League - L3,johnnysmomskid,johnnysmomskid,149.45,149.45
1,LTS Bowl L2,Randomizer Interns,matthewdwood82,148.3,148.3
1,The Only Legitimate LTS Bowl League - L3,Speaks Kindly Holds Knife,Deredactyl,148.1,148.1
1,LTS Bowl L1,Bad Faith Fantasy,cptbeefalo,147.4,147.4
1,LTS Bowl L1,Week 3 Meat Mountain,PossumKingdom,144.35,144.35
1,LTS Bowl L1,MikeDavisThrupple,DavisDayCare,142.95,142.95
1,LTS Bowl L1,DeadEndFriends,DeadEndFriends,142.7,142.7
1,LTS Bowl L1,THE KIDS,CommieEsq,141.2,141.2
1,LTS Bowl L1,Mouth Kazoo Maestros,Weagle85,141.15,141.15
1,LTS Bowl L4,NinerJay,NinerJay,140.35,140.35
1,LTS Bowl L2,Edina Cake Eaters,ecsirkin,140.3,140.3
1,The Only Legitimate LTS Bowl League - L3,jetsgnome22,jetsgnome22,138.95,138.95
1,LTS Bowl L2,kipahisbush,kipahisbush,138.3,138.3
1,LTS Bowl L1,Klabbertrap,Klabbertrap,137.35,137.35
1,The Only Legitimate LTS Bowl League - L3,SycamoreFlynns,SycamoreFlynns,137.35,137.35
1,LTS Bowl L4,Chickpea Smoothie,apulianas,134.4,134.4
1,LTS Bowl L1,Not Great Bob,tommcg17,134.25,134.25
1,The Only Legitimate LTS Bowl League - L3,The Woke FAAB,reginaldo,132.9,132.9
1,LTS Bowl L4,Trailing Daler,teamdaler,132.3,132.3
1,LTS Bowl L1,Golf Cartin',stephensear,129.05,129.05
1,LTS Bowl L4,Ram it!,IreneTurner,128.95,128.95
1,LTS Bowl L4,Sweep the Leg,ctjoumas,125.85,125.85
1,The Only Legitimate LTS Bowl League - L3,67ers,tripp39,122.6,122.6
1,LTS Bowl L4,The Lib Owners,nak97,121.75,121.75
1,LTS Bowl L2,fantasyscott,fantasyscott,120.65,120.65
1,LTS Bowl L4,The Glorious Process,armandoguzman,120.05,120.05
1,LTS Bowl L2,Duluth Eskimos,GREGGELS17,116.25,116.25
1,LTS Bowl L1,Vandelay Industries,DGo81,114.5,114.5
